{"1":{"contrast":{"b":151.08778102066989,"g":122.28608123995262,"r":124.07446953118556},"covariance_matrix":[6.1965041564083272,0.47175083949421576,3.4180038774602233,0.47175083949421576,5.1226736541449505,0.75799715749663865,3.4180038774602233,0.75799715749663865,16.869714851947805],"color_radius":{"b":4.9785556766629924,"g":4.5266648447372155,"r":8.2145516863546018}},"2":{"contrast":{"b":123.93638727772938,"g":162.58090695433427,"r":91.74916179530419},"covariance_matrix":[2831.1650786166269,2219.1469888764113,-1208.0259009445085,2219.1469888764113,3253.5944289435615,-1085.6557975716191,-1208.0259009445085,-1085.6557975716191,972.71682030295358],"color_radius":{"b":106.41738727513709,"g":114.08057554103699,"r":62.376816857000762}},"3":{"contrast":{"b":125.01896643470494,"g":93.55958608831952,"r":95.570160261504881},"covariance_matrix":[109.6801771977949,90.311006636622579,114.90673329063087,90.311006636622579,81.9036558752332,97.020100686016818,114.90673329063087,97.020100686016818,133.66951464547429],"color_radius":{"b":20.94566085830618,"g":18.10012772056962,"r":23.123106594527847}}}