{"1":{"contrast":{"b":98.70296901696463,"g":96.15624822295068,"r":128.03934460705767},"covariance_matrix":[76.2546558348154,48.282495242460129,58.594652793128574,48.282495242460129,41.064343791560816,42.910038058320723,58.594652793128574,42.910038058320723,54.953055007921478],"color_radius":{"b":17.464782373086177,"g":12.816293347385713,"r":14.826065561425455}},"2":{"contrast":{"b":86.185664723220185,"g":159.48701136504627,"r":117.63375817328455},"covariance_matrix":[873.33807694477377,-1056.4528838901513,-1214.258880769537,-1056.4528838901513,3191.539525157089,2187.4179228687667,-1214.258880769537,2187.4179228687667,2719.5152679454009],"color_radius":{"b":59.104587874200554,"g":112.98742452427331,"r":104.29794375624863}},"3":{"contrast":{"b":76.299520520986349,"g":77.899447639565423,"r":106.54409635810244},"covariance_matrix":[8.7081960144711221,-0.6819122385964288,1.315278223336235,-0.6819122385964288,3.8788676473076369,0.44852908282496606,1.315278223336235,0.44852908282496606,4.4144882877037519],"color_radius":{"b":5.901930536518071,"g":3.9389682137877866,"r":4.202136736330103}}}